A_pred,B_pred,Effusion_pred,Consolidation_pred
0.01807784102857113,0.025169234722852707,0.957233190536499,0.7562927603721619
0.13341136276721954,0.02081882767379284,0.8932742476463318,0.01468353159725666
0.013826388865709305,0.018429487943649292,0.958472490310669,0.011006130836904049
0.010944443754851818,0.011482038535177708,0.9798237085342407,0.17243853211402893
0.03616294637322426,0.02181929349899292,0.9660702347755432,0.014278181828558445
0.034842461347579956,0.07232318073511124,0.9524216651916504,0.3087480962276459
0.0071267844177782536,0.02045469731092453,0.9855374693870544,0.32771795988082886
0.010648135095834732,0.022837448865175247,0.9847344160079956,0.18268702924251556
0.012959050014615059,0.015762263908982277,0.9834708571434021,0.08242925256490707
0.011039497330784798,0.04041849821805954,0.9511137008666992,0.6625428199768066
0.011841091327369213,0.048567164689302444,0.9428419470787048,0.6712679266929626
0.02716517262160778,0.02956925332546234,0.9608091115951538,0.17581315338611603
0.03516485542058945,0.059091854840517044,0.8994627594947815,0.8070087432861328
0.04420012980699539,0.05991078168153763,0.8700193166732788,0.9044532179832458
0.01005296129733324,0.030527224764227867,0.9686342477798462,0.4624205231666565
0.012482091784477234,0.023865558207035065,0.9616891741752625,0.8375594615936279
0.024657996371388435,0.02766183577477932,0.9440425038337708,0.4723994731903076
0.9079248309135437,0.20684567093849182,0.019162315875291824,0.012751616537570953
0.8720837235450745,0.13649329543113708,0.035279519855976105,0.024032674729824066
0.8720837235450745,0.13649329543113708,0.035279519855976105,0.024032674729824066
0.7994213700294495,0.16467884182929993,0.0748889222741127,0.06588577479124069
0.8028488755226135,0.10125140100717545,0.08434239774942398,0.04341711476445198
0.741354763507843,0.5314739942550659,0.03142635524272919,0.04760526493191719
0.46308964490890503,0.03148210421204567,0.3173193037509918,0.01761716790497303
0.9079248309135437,0.20684567093849182,0.019162315875291824,0.012751616537570953
0.8684564828872681,0.08072538673877716,0.06842286139726639,0.022953273728489876
0.8853085041046143,0.24566808342933655,0.030345598235726357,0.03353777527809143
0.8919239640235901,0.05699964240193367,0.04840962588787079,0.0245059821754694
0.8940223455429077,0.07192620635032654,0.06557673960924149,0.017879575490951538
0.949883222579956,0.03804308548569679,0.034777041524648666,0.014290173538029194
0.7995452880859375,0.38487040996551514,0.03816661611199379,0.04314740002155304
0.9115785956382751,0.12201829999685287,0.06388115882873535,0.043674007058143616
0.05590571090579033,0.08572682738304138,0.827434241771698,0.7026540040969849
0.08193343877792358,0.12008552253246307,0.7577239871025085,0.8078681230545044
0.023530948907136917,0.02036222629249096,0.9754094481468201,0.04152781888842583
0.004690547473728657,0.004661530256271362,0.9942494630813599,0.1318097859621048
0.011140909045934677,0.016614854335784912,0.9677047729492188,0.6334927082061768
0.010613138787448406,0.017972756177186966,0.9797919988632202,0.24330942332744598
0.01583343930542469,0.020157210528850555,0.9525946974754333,0.8565414547920227
0.013735962100327015,0.017238503322005272,0.9845917820930481,0.10575578361749649
0.15704235434532166,0.06764950603246689,0.7796578407287598,0.0935349091887474
0.00799604319036007,0.008298580534756184,0.9921660423278809,0.026749957352876663
0.013723351992666721,0.010461910627782345,0.9871202111244202,0.04112521931529045
0.006606918293982744,0.007866495288908482,0.9942141175270081,0.058907411992549896
0.16589803993701935,0.13749568164348602,0.7059943079948425,0.47896137833595276
0.1463782787322998,0.11153379082679749,0.772741436958313,0.41975638270378113
0.059292055666446686,0.08231949806213379,0.8707581758499146,0.39793142676353455
0.06085950881242752,0.04173015430569649,0.9089136719703674,0.36665624380111694
0.3329174816608429,0.7630701065063477,0.28047141432762146,0.3026277720928192
0.14862997829914093,0.6928021907806396,0.4821270704269409,0.20151641964912415
0.4355112612247467,0.49865126609802246,0.41930171847343445,0.35205599665641785
0.335318386554718,0.3606559932231903,0.5702435970306396,0.322870671749115
0.46905484795570374,0.6326555013656616,0.16329744458198547,0.19585619866847992
0.8741684556007385,0.30788981914520264,0.06214901804924011,0.09930559247732162
0.8249110579490662,0.3590434491634369,0.09666705876588821,0.09901050478219986
0.17218971252441406,0.3255004584789276,0.7185112237930298,0.65812748670578
0.05914665386080742,0.09682509303092957,0.8680459856987,0.6711025834083557
0.29805707931518555,0.2411443144083023,0.6588433384895325,0.2552654445171356
0.016213051974773407,0.05015656352043152,0.9302322268486023,0.7466131448745728
0.013699357397854328,0.12200728803873062,0.8811302185058594,0.5516731142997742
0.017200488597154617,0.03129829838871956,0.9465031027793884,0.8350885510444641
0.017553234472870827,0.046970874071121216,0.9337755441665649,0.5876490473747253
0.061111930757761,0.0646972730755806,0.8845513463020325,0.34926271438598633
0.03380293771624565,0.03933924064040184,0.9503363966941833,0.23578473925590515
0.028416022658348083,0.032027468085289,0.9696218967437744,0.13252413272857666
0.06723318994045258,0.03008953481912613,0.9340377449989319,0.1964133083820343
0.05079155042767525,0.028844628483057022,0.8673508763313293,0.36214613914489746
0.10284515470266342,0.016271857544779778,0.8903403878211975,0.09178637713193893
0.15633629262447357,0.08201850205659866,0.7460248470306396,0.04956141114234924
0.06205824017524719,0.07156050950288773,0.9191855788230896,0.17595358192920685
0.2273017168045044,0.5671965479850769,0.4845770299434662,0.33918285369873047
0.4355112612247467,0.49865126609802246,0.41930171847343445,0.35205599665641785
0.8249110579490662,0.3590434491634369,0.09666705876588821,0.09901050478219986
0.8741684556007385,0.30788981914520264,0.06214901804924011,0.09930559247732162
0.05914665386080742,0.09682509303092957,0.8680459856987,0.6711025834083557
0.14862997829914093,0.6928021907806396,0.4821270704269409,0.20151641964912415
0.3240410089492798,0.16506542265415192,0.6165411472320557,0.13894186913967133
0.31811538338661194,0.28451085090637207,0.6675366759300232,0.3310612440109253
0.09815865755081177,0.10323577374219894,0.5849366188049316,0.1265566200017929
0.011921080760657787,0.011366020888090134,0.9707420468330383,0.3684401214122772
0.023688016459345818,0.008087492547929287,0.9632928967475891,0.3800347149372101
0.015419361181557178,0.007482078857719898,0.978844940662384,0.3508365750312805
0.03524564951658249,0.0785626769065857,0.9241241812705994,0.2549051344394684
0.02522754669189453,0.035077307373285294,0.9335994124412537,0.7294315695762634
0.018925432115793228,0.019258808344602585,0.9610530138015747,0.6284854412078857
0.04594572260975838,0.0534510500729084,0.8769633769989014,0.8815305829048157
0.015577246434986591,0.03466316685080528,0.9662495851516724,0.3888830244541168
0.004645661450922489,0.004263247828930616,0.9915763735771179,0.616448163986206
0.006890724413096905,0.01427880022674799,0.9765945076942444,0.6841961741447449
0.01342212874442339,0.021450378000736237,0.956899106502533,0.7907211184501648
0.055794857442379,0.04679299145936966,0.9231146574020386,0.3100072145462036
0.04463585093617439,0.0565437488257885,0.9284370541572571,0.40188097953796387
0.07455701380968094,0.05529551953077316,0.8708142042160034,0.5456830263137817
0.03391331806778908,0.024449121206998825,0.9438816905021667,0.38484519720077515
0.026951981708407402,0.02262594737112522,0.9643994569778442,0.1389537751674652
0.00837011355906725,0.0062993839383125305,0.9864474534988403,0.06334953755140305
0.03869565576314926,0.06560013443231583,0.9045537710189819,0.8217160105705261
0.02634820155799389,0.07004261016845703,0.8992325663566589,0.6654924154281616
0.01269555650651455,0.012771223671734333,0.9817255139350891,0.24326860904693604
0.005181394051760435,0.010406006127595901,0.9857614040374756,0.5685048699378967
0.00613964581862092,0.009001229889690876,0.9916877150535583,0.2037021517753601
0.24804317951202393,0.3765348494052887,0.2502068877220154,0.12726612389087677
0.1059860959649086,0.7048424482345581,0.31159231066703796,0.082117460668087
0.0667712539434433,0.7046846747398376,0.39297589659690857,0.18413136899471283
0.10706193000078201,0.8014714121818542,0.2056303471326828,0.06961853802204132
0.17752152681350708,0.6012354493141174,0.20772363245487213,0.05433473363518715
0.05753440409898758,0.7412012219429016,0.41743311285972595,0.1313677877187729
0.38069814443588257,0.5426310896873474,0.1760970801115036,0.1130451187491417
0.2635264992713928,0.5120598077774048,0.20534008741378784,0.058798059821128845
0.032044779509305954,0.8467010855674744,0.3965216279029846,0.06719434261322021
0.2146756500005722,0.571704089641571,0.18589337170124054,0.0514109767973423
0.01808128133416176,0.03861818090081215,0.9696076512336731,0.11804761737585068
0.08563350886106491,0.8740352988243103,0.28614309430122375,0.09712300449609756
0.14220964908599854,0.7143847942352295,0.32301992177963257,0.24031972885131836
0.10007031261920929,0.7051503658294678,0.493038147687912,0.1437486857175827
0.17035987973213196,0.7958168983459473,0.3351192772388458,0.2510695457458496
0.7144713997840881,0.21577821671962738,0.2895072400569916,0.11504936218261719
0.24804317951202393,0.3765348494052887,0.2502068877220154,0.12726612389087677
0.0625084787607193,0.5207635164260864,0.6490546464920044,0.1608535349369049
0.0667712539434433,0.7046846747398376,0.39297589659690857,0.18413136899471283
0.09274018555879593,0.8248206377029419,0.2416231334209442,0.09742315858602524
0.1357726752758026,0.6538270711898804,0.43052494525909424,0.28254804015159607
0.032044779509305954,0.8467010855674744,0.3965216279029846,0.06719434261322021
0.2113655060529709,0.6116712093353271,0.2267971783876419,0.044350843876600266
0.11807107925415039,0.7001875638961792,0.356380820274353,0.06282939016819
0.11426877975463867,0.7395434379577637,0.28352344036102295,0.09251617640256882
0.05753440409898758,0.7412012219429016,0.41743311285972595,0.1313677877187729
0.10706193000078201,0.8014714121818542,0.2056303471326828,0.06961853802204132
0.1059860959649086,0.7048424482345581,0.31159231066703796,0.082117460668087
0.17752152681350708,0.6012354493141174,0.20772363245487213,0.05433473363518715
0.09128867089748383,0.42144498229026794,0.5408199429512024,0.15215007960796356
0.08797649294137955,0.6687206029891968,0.4759969115257263,0.17122703790664673
0.5990126729011536,0.015224560163915157,0.46388351917266846,0.008914622478187084
0.0393485501408577,0.4529944956302643,0.6638593673706055,0.18531879782676697
0.06980487704277039,0.526539146900177,0.620088517665863,0.14520268142223358
0.27545419335365295,0.07041674107313156,0.6949125528335571,0.03387640416622162
0.07459273189306259,0.21310384571552277,0.630506694316864,0.20152068138122559
0.8909411430358887,0.15316367149353027,0.08328564465045929,0.0739762932062149
0.050039056688547134,0.8674903512001038,0.25048282742500305,0.06633273512125015
0.5916549563407898,0.05009051039814949,0.4173017144203186,0.029675671830773354
0.024324536323547363,0.05815289914608002,0.938188910484314,0.40348348021507263
0.6293818950653076,0.25870588421821594,0.3052372336387634,0.13885198533535004
0.11603108048439026,0.4850320518016815,0.4967092275619507,0.04101476073265076
0.15064670145511627,0.18075820803642273,0.5988620519638062,0.07368097454309464
0.0257946215569973,0.01813160441815853,0.9109243750572205,0.16607362031936646
0.01979099027812481,0.021975077688694,0.9732239246368408,0.16144199669361115
0.03326725587248802,0.03464227914810181,0.9552246332168579,0.06595967710018158
0.02378385327756405,0.05140786990523338,0.9448353052139282,0.3020133078098297
0.017499437555670738,0.04970598965883255,0.9090895056724548,0.840648353099823
0.005669821985065937,0.01231246069073677,0.9900224804878235,0.33110466599464417
0.008081221953034401,0.01786056160926819,0.9882345199584961,0.19321221113204956
0.008241712115705013,0.019216127693653107,0.988244891166687,0.15982407331466675
0.028198694810271263,0.08863339573144913,0.8546566367149353,0.7985113859176636
0.013273393735289574,0.029228396713733673,0.9348708987236023,0.774919867515564
0.04077042266726494,0.05132998526096344,0.9350970387458801,0.45373788475990295
0.027862440794706345,0.05160514637827873,0.9598850011825562,0.3479488790035248
0.07311289012432098,0.04658202454447746,0.9204148054122925,0.05988689884543419
0.04077794775366783,0.0538143515586853,0.918772280216217,0.25495073199272156
0.07403035461902618,0.05642656609416008,0.8976733088493347,0.42517098784446716
0.007677698042243719,0.010321847163140774,0.9839174747467041,0.7335292100906372
0.004839724861085415,0.006257733330130577,0.9844496846199036,0.8826075792312622
0.023567643016576767,0.03437427431344986,0.9595775604248047,0.3807859420776367
0.059787459671497345,0.058314498513936996,0.9400913119316101,0.26830437779426575
0.049177780747413635,0.07530314475297928,0.8930118083953857,0.5398256182670593
0.04964485391974449,0.039870962500572205,0.9203578233718872,0.2926022410392761
0.6439647674560547,0.056174587458372116,0.33375284075737,0.08474612981081009
0.5234339237213135,0.09659330546855927,0.348874568939209,0.1180029883980751
0.029511308297514915,0.034596748650074005,0.9689382314682007,0.07957391440868378
0.024307725951075554,0.0196530744433403,0.972623348236084,0.06771808117628098
0.017784079536795616,0.014648202806711197,0.9856913685798645,0.03385566174983978
0.06799416989088058,0.08067425340414047,0.8940608501434326,0.10256514698266983
0.01619071513414383,0.031938329339027405,0.9807883501052856,0.07189147174358368
0.014146081171929836,0.01867985725402832,0.9830988049507141,0.09383005648851395
0.10117323696613312,0.027529899030923843,0.8990768194198608,0.028838686645030975
0.32057955861091614,0.09235388040542603,0.6393948793411255,0.3926073908805847
0.7659143805503845,0.026118090376257896,0.2923703193664551,0.045457471162080765
0.2653355598449707,0.12423144280910492,0.39051175117492676,0.3793785274028778
0.0209854356944561,0.030116712674498558,0.9655697345733643,0.3207179009914398
0.07128067314624786,0.06748253852128983,0.9279771447181702,0.2701152563095093
0.08359028398990631,0.01821078546345234,0.9173758029937744,0.09699450433254242
0.15827356278896332,0.12533038854599,0.7834596037864685,0.2359715700149536
0.36753609776496887,0.1572086066007614,0.5523585677146912,0.37514179944992065
0.13582438230514526,0.017778117209672928,0.8960714936256409,0.014490915462374687
0.05523369833827019,0.06547225266695023,0.918465793132782,0.05211133137345314
0.5262212157249451,0.0523788183927536,0.3828401565551758,0.11266932636499405
0.012389418669044971,0.02209753729403019,0.9769773483276367,0.36854735016822815
0.008560726419091225,0.010566678829491138,0.9875531196594238,0.11767343431711197
0.020544013008475304,0.2597249448299408,0.8800944685935974,0.13799604773521423
0.010346704162657261,0.009547943249344826,0.9803538918495178,0.5792736411094666
0.2066175490617752,0.1515730321407318,0.7431758642196655,0.1528376042842865
0.017057769000530243,0.033681921660900116,0.9636707305908203,0.4252449870109558
0.07084361463785172,0.10609189420938492,0.8218376040458679,0.7898887991905212
0.09220384061336517,0.14227133989334106,0.8000510334968567,0.675127387046814
0.047159597277641296,0.07925798743963242,0.8702818155288696,0.7596616148948669
0.008819525130093098,0.0428587980568409,0.9610257148742676,0.6938891410827637
0.017608338966965675,0.027486344799399376,0.9485915899276733,0.1840078979730606
0.036990948021411896,0.05600149929523468,0.9233080148696899,0.2833901345729828
0.00885452888906002,0.008187410421669483,0.9870641231536865,0.1075214296579361
0.019899975508451462,0.04246367886662483,0.9483245611190796,0.4232299029827118
0.4002740681171417,0.5099185109138489,0.49168139696121216,0.32975471019744873
0.043164581060409546,0.022323494777083397,0.9696035981178284,0.034713368862867355
0.13877156376838684,0.0330764465034008,0.9008194208145142,0.03741638362407684
0.02534278854727745,0.02082948014140129,0.9597291946411133,0.06951247155666351
0.00917589757591486,0.02119470201432705,0.9802772402763367,0.19280432164669037
0.05953151732683182,0.027153054252266884,0.9339957237243652,0.05025727301836014
0.053242143243551254,0.05560503900051117,0.9473625421524048,0.11659979075193405
0.026719914749264717,0.03821297734975815,0.9383684992790222,0.3024972379207611
0.012074721977114677,0.01427655853331089,0.9810696840286255,0.3607655167579651
0.015427585691213608,0.014114893041551113,0.9799179434776306,0.3790344297885895
0.021604152396321297,0.011259148828685284,0.9841840267181396,0.012067864648997784
0.5247341394424438,0.1381288319826126,0.2887437343597412,0.04104568809270859
0.0695064440369606,0.0886886715888977,0.7880340218544006,0.812355637550354
0.03792291134595871,0.08964883536100388,0.9093020558357239,0.35106968879699707
0.024777596816420555,0.04188844934105873,0.9480676651000977,0.39413949847221375
0.02935018204152584,0.055818505585193634,0.9439054727554321,0.5188795924186707
0.030402205884456635,0.049643032252788544,0.9315320253372192,0.7608376145362854
0.012116636149585247,0.021256323903799057,0.9855535626411438,0.10281174629926682
0.012180022895336151,0.012278398498892784,0.982855498790741,0.2286446988582611
0.7946224212646484,0.1107078418135643,0.2801942527294159,0.08652568608522415
0.5099729299545288,0.13781769573688507,0.5338569283485413,0.13674603402614594
0.07444292306900024,0.025903677567839622,0.9471842050552368,0.053476352244615555
0.009135422296822071,0.013167636469006538,0.9868619441986084,0.14416983723640442
0.8730458617210388,0.11254510283470154,0.13694924116134644,0.08591404557228088
0.9344282150268555,0.1314471811056137,0.03434748947620392,0.049159932881593704
0.9555792808532715,0.07105816900730133,0.03677746281027794,0.044845402240753174
0.011979387141764164,0.014168894849717617,0.9752939939498901,0.274869829416275
0.08880911767482758,0.10844365507364273,0.7566348910331726,0.6409807205200195
0.047204818576574326,0.0731242373585701,0.9114859700202942,0.5420985221862793
0.01400649081915617,0.020418480038642883,0.9721336364746094,0.513701319694519
0.021861068904399872,0.03478090465068817,0.9483527541160583,0.5881149172782898
0.017846791073679924,0.03780732303857803,0.965824544429779,0.20183202624320984
0.04962674528360367,0.050911229103803635,0.9583225846290588,0.07312130928039551
0.025994956493377686,0.044691700488328934,0.9691888689994812,0.0758078321814537
0.01765107735991478,0.01918879710137844,0.9695180058479309,0.210784450173378
0.00793631561100483,0.013087082654237747,0.9870703220367432,0.32307636737823486
0.10214899480342865,0.07378557324409485,0.8716520071029663,0.30287039279937744
0.016447249799966812,0.019215544685721397,0.9805326461791992,0.043004196137189865
0.015255589969456196,0.03013584204018116,0.9724041819572449,0.12613904476165771
0.020676327869296074,0.025362730026245117,0.9786690473556519,0.05415051057934761
0.011177782900631428,0.018087154254317284,0.9819470643997192,0.21462903916835785
0.016161687672138214,0.025517931208014488,0.9684749841690063,0.41407591104507446
0.011066971346735954,0.010973422788083553,0.9787615537643433,0.30984988808631897
0.01731828786432743,0.025754312053322792,0.9714409112930298,0.11926299333572388
0.012737132608890533,0.018282901495695114,0.9782506823539734,0.311027467250824
0.0076843309216201305,0.013922317884862423,0.9874168634414673,0.17814451456069946
0.01608039066195488,0.04771838337182999,0.9440584778785706,0.744452714920044
0.039267539978027344,0.052608996629714966,0.8875318765640259,0.8709207773208618
0.046916525810956955,0.0963859036564827,0.6313532590866089,0.10256887972354889
0.36515510082244873,0.19558900594711304,0.1736210733652115,0.022167261689901352
0.010395846329629421,0.014583680778741837,0.972526490688324,0.794377863407135
0.19108708202838898,0.18211479485034943,0.8125565052032471,0.19565130770206451
0.2508493959903717,0.3070427179336548,0.687736988067627,0.267303466796875
0.02351817861199379,0.017759175971150398,0.9753486514091492,0.037980809807777405
0.03305957466363907,0.07785340398550034,0.8434761166572571,0.27682310342788696
0.01492507103830576,0.013966929167509079,0.9804832935333252,0.16717024147510529
0.24676817655563354,0.28767138719558716,0.6561362147331238,0.1566525548696518
0.32899564504623413,0.5684887170791626,0.4465413987636566,0.42655062675476074
0.4484807252883911,0.6813538074493408,0.35486900806427,0.32229384779930115
0.021222932264208794,0.014295507222414017,0.9865835309028625,0.038891106843948364
0.011383507400751114,0.010427908971905708,0.9862455129623413,0.06683427095413208
0.008948457427322865,0.007986453361809254,0.9910231828689575,0.17913764715194702
0.041859015822410583,0.020165933296084404,0.9605320692062378,0.08503840118646622
0.026671385392546654,0.03513112664222717,0.9480417370796204,0.27021801471710205
0.022173145785927773,0.022076250985264778,0.9585034251213074,0.6069498658180237
0.09190700203180313,0.08712361752986908,0.8506333231925964,0.22440461814403534
0.040187716484069824,0.040709707885980606,0.935866117477417,0.15263693034648895
0.08142194896936417,0.03975609689950943,0.9289799332618713,0.033795639872550964
0.010128538124263287,0.020079733803868294,0.9895562529563904,0.03830452635884285
0.11904988437891006,0.05721919238567352,0.8682183623313904,0.2775711119174957
0.028445670381188393,0.03664250671863556,0.9622800350189209,0.12939314544200897
0.0228198803961277,0.03652462735772133,0.951126217842102,0.20319142937660217
0.012240301817655563,0.025602562353014946,0.980303168296814,0.18634623289108276
0.045796096324920654,0.09389198571443558,0.905348002910614,0.623573362827301
0.03820491582155228,0.043255362659692764,0.9600695967674255,0.1802109330892563
0.026278438046574593,0.04702797159552574,0.9612082839012146,0.11263374239206314
0.011590039357542992,0.019421517848968506,0.9849218726158142,0.19311727583408356
0.01938752457499504,0.048004258424043655,0.9587830901145935,0.14260166883468628
0.04072040691971779,0.057303398847579956,0.9220700860023499,0.20685286819934845
0.008271386846899986,0.011027098633348942,0.9870613217353821,0.09560301154851913
0.009608585387468338,0.014243559911847115,0.9836386442184448,0.36540675163269043
0.010050466284155846,0.017047379165887833,0.9719961881637573,0.5659570693969727
0.027284987270832062,0.027130628004670143,0.9533811211585999,0.3005691468715668
0.043706491589546204,0.05360158532857895,0.9461206197738647,0.06517321616411209
0.0954059362411499,0.10851998627185822,0.8534195423126221,0.2621738314628601
0.038931310176849365,0.05260346084833145,0.9567422866821289,0.050650421530008316
0.014756616204977036,0.02870951220393181,0.9795136451721191,0.08045785129070282
0.019371487200260162,0.0291636660695076,0.9598433971405029,0.5711684226989746
0.16236980259418488,0.17382802069187164,0.865848183631897,0.11085810512304306
0.19253475964069366,0.1871516853570938,0.8807788491249084,0.17890861630439758
0.05337969958782196,0.0699545294046402,0.900420069694519,0.5853554010391235
0.013980160467326641,0.009778602048754692,0.9874098896980286,0.06281734257936478
0.0758039727807045,0.10354462265968323,0.9050564765930176,0.2611876428127289
0.02821790799498558,0.020106162875890732,0.9736464619636536,0.060711879283189774
0.0897119790315628,0.04403981566429138,0.8557144403457642,0.30545109510421753
0.028474653139710426,0.03105231747031212,0.9488897919654846,0.2169514149427414
0.024615498259663582,0.03385128453373909,0.9414868950843811,0.3659915328025818
0.009246465750038624,0.03469574823975563,0.9764644503593445,0.22090280055999756
0.010608898475766182,0.011250743642449379,0.9856875538825989,0.15359188616275787
0.01317764725536108,0.03321743756532669,0.9734468460083008,0.27289026975631714
0.007235708646476269,0.011935513466596603,0.9870405793190002,0.4149177670478821
0.013186690397560596,0.021523144096136093,0.9782595634460449,0.31003862619400024
0.00999046303331852,0.01942123845219612,0.9836432337760925,0.10363450646400452
0.013899588026106358,0.014724110253155231,0.9900451302528381,0.026575500145554543
0.03188632056117058,0.04351912811398506,0.9353972673416138,0.3094198405742645
0.026164067909121513,0.04296082258224487,0.9669303297996521,0.06992672383785248
0.07070199400186539,0.0503130741417408,0.9009988903999329,0.3542173504829407
0.4672985374927521,0.6241516470909119,0.41910499334335327,0.3742265999317169
0.026133371517062187,0.023528538644313812,0.960135281085968,0.5540564060211182
0.010762370191514492,0.0157435592263937,0.9874748587608337,0.12426777929067612
0.5156629681587219,0.6058195233345032,0.4065984785556793,0.42140644788742065
0.020976640284061432,0.017665617167949677,0.9688652753829956,0.20181748270988464
0.02567882463335991,0.0372476764023304,0.958200991153717,0.3953985571861267
0.01749909296631813,0.019984371960163116,0.9737985134124756,0.1826675683259964
0.0082505838945508,0.010456832125782967,0.9889193177223206,0.10994067043066025
0.01630503311753273,0.020015774294734,0.9708824753761292,0.4798518121242523
0.009579673409461975,0.011054609902203083,0.9826242327690125,0.3086148500442505
0.03254977986216545,0.05396634340286255,0.9325564503669739,0.34470120072364807
0.10685212165117264,0.08491704612970352,0.8170943856239319,0.433194100856781
0.019053086638450623,0.031709011644124985,0.9665349721908569,0.5728046298027039
0.008532450534403324,0.02749805524945259,0.9734974503517151,0.3875174820423126
0.009809293784201145,0.01602531224489212,0.9801382422447205,0.251996248960495
0.027079105377197266,0.02040640078485012,0.9656099677085876,0.048713814467191696
0.01174222119152546,0.013220961205661297,0.9773869514465332,0.18318992853164673
0.057814229279756546,0.05173562094569206,0.8971138000488281,0.47454383969306946
0.05564902722835541,0.07229731976985931,0.8376665115356445,0.6790719628334045
0.05292888730764389,0.08321139216423035,0.874443769454956,0.6540114879608154
0.04599539563059807,0.04771541431546211,0.8725483417510986,0.8590032458305359
0.022886667400598526,0.034226540476083755,0.9663220643997192,0.29565533995628357
0.007453207392245531,0.013054813258349895,0.9831361174583435,0.32822129130363464
0.04113314673304558,0.02147768996655941,0.9692528247833252,0.055782679468393326
0.05370321497321129,0.04104773700237274,0.9495630264282227,0.18020008504390717
0.05118635296821594,0.0741368904709816,0.9132601618766785,0.3540346622467041
0.030175942927598953,0.04220316559076309,0.9485321640968323,0.3224642276763916
0.0363776758313179,0.062028974294662476,0.9241090416908264,0.5931919813156128
0.06925247609615326,0.11199337244033813,0.8500097990036011,0.5508344769477844
0.01013582106679678,0.019230283796787262,0.9867701530456543,0.19476595520973206
0.009605754166841507,0.017190955579280853,0.985491931438446,0.3239154815673828
0.027551310136914253,0.021039191633462906,0.9475817680358887,0.2948787808418274
0.04319994896650314,0.054964903742074966,0.9019924402236938,0.5450313687324524
0.042477186769247055,0.027914661914110184,0.9299744963645935,0.29840904474258423
0.10005492717027664,0.08651528507471085,0.8867332339286804,0.19129735231399536
0.04700016602873802,0.047196075320243835,0.9183580279350281,0.5053759813308716
0.01988847739994526,0.035392988473176956,0.9411594867706299,0.7879887819290161
0.010310456156730652,0.020436657592654228,0.9755104184150696,0.3465110957622528
0.026762381196022034,0.05926502123475075,0.9378684759140015,0.43996626138687134
0.011176803149282932,0.02212977223098278,0.9720180630683899,0.2463129162788391
0.02591664344072342,0.04519720375537872,0.9286624789237976,0.571230411529541
0.06284918636083603,0.045501578599214554,0.9335313439369202,0.09897292405366898
0.106043741106987,0.12289565801620483,0.8018438220024109,0.3437023162841797
0.03523190692067146,0.032827552407979965,0.9399181604385376,0.40874773263931274
0.0671045109629631,0.10993994772434235,0.8573490381240845,0.08257276564836502
0.08024875819683075,0.08621197193861008,0.8283406496047974,0.5006195306777954
0.11757664382457733,0.07623805850744247,0.7686669230461121,0.27072492241859436
0.0262928307056427,0.018993156030774117,0.9632436633110046,0.185477614402771
0.0262928307056427,0.018993156030774117,0.9632436633110046,0.185477614402771
0.0262928307056427,0.018993156030774117,0.9632436633110046,0.185477614402771
0.0262928307056427,0.018993156030774117,0.9632436633110046,0.185477614402771
0.024111542850732803,0.033757131546735764,0.9441611170768738,0.6188966631889343
0.048810023814439774,0.05708245933055878,0.9215728044509888,0.5666849613189697
0.030086703598499298,0.049933284521102905,0.9353918433189392,0.4206923544406891
0.034427884966135025,0.06041166931390762,0.9054505228996277,0.5234248638153076
0.013276740908622742,0.010503493249416351,0.980929970741272,0.22494181990623474
0.012383336201310158,0.006123100873082876,0.9825865626335144,0.43713679909706116
0.038485050201416016,0.06567505747079849,0.863483190536499,0.7478662729263306
0.044791512191295624,0.06985221803188324,0.8876638412475586,0.822258710861206
0.03874184936285019,0.025989139452576637,0.97808837890625,0.03286519646644592
0.02693389542400837,0.05207990109920502,0.9279258251190186,0.4108482003211975
0.02968096360564232,0.05191522464156151,0.9046619534492493,0.37317565083503723
0.037687622010707855,0.06822753697633743,0.8770990967750549,0.5742988586425781
0.02288876287639141,0.030332602560520172,0.9585316777229309,0.49264979362487793
0.013594466261565685,0.024162542074918747,0.9828543663024902,0.1375626027584076
0.022083478048443794,0.019452344626188278,0.9780199527740479,0.16891102492809296
0.033028967678546906,0.03726793825626373,0.9413365721702576,0.6105542182922363
0.03208836913108826,0.04894469305872917,0.9574806690216064,0.1620008796453476
0.4327179491519928,0.4160943329334259,0.4205209016799927,0.16863256692886353
0.34674036502838135,0.1841016560792923,0.5907046794891357,0.12402880936861038
0.2924274504184723,0.4056030809879303,0.6113205552101135,0.3081856369972229
0.4750233292579651,0.47186774015426636,0.42440760135650635,0.24332833290100098
0.2665397524833679,0.3254545331001282,0.6888920068740845,0.24671180546283722
0.49050095677375793,0.28379541635513306,0.5016407370567322,0.18029356002807617
0.22331194579601288,0.34960129857063293,0.6197398900985718,0.13938279449939728
0.2590753734111786,0.273292601108551,0.6864234209060669,0.17314571142196655
0.48721960186958313,0.5648104548454285,0.3761395812034607,0.3598047196865082
0.7323905229568481,0.2939731180667877,0.23811481893062592,0.18539683520793915
0.7290841341018677,0.34012457728385925,0.27286726236343384,0.26363807916641235
0.6429049372673035,0.5168015360832214,0.27499327063560486,0.2818377912044525
0.48984378576278687,0.4644815921783447,0.39863133430480957,0.26855412125587463
0.5791352391242981,0.4425710141658783,0.3507274389266968,0.2692289352416992
0.19533571600914001,0.46250027418136597,0.6602872610092163,0.22268103063106537
0.16641013324260712,0.19174514710903168,0.7177878618240356,0.10081838816404343
0.23106791079044342,0.42003121972084045,0.505170464515686,0.1388554722070694
0.4405760169029236,0.30697697401046753,0.3747410774230957,0.13064610958099365
0.303972065448761,0.5382410287857056,0.473598837852478,0.1753206104040146
0.3601483404636383,0.4412005543708801,0.4660530984401703,0.16788716614246368
0.06532542407512665,0.07404325157403946,0.8947964906692505,0.5483207106590271
0.04024922475218773,0.07508827745914459,0.9187220931053162,0.17517352104187012
0.036291591823101044,0.15161561965942383,0.8778460025787354,0.3496876657009125
0.07313381880521774,0.059967465698719025,0.923304557800293,0.0326622910797596
0.5918310880661011,0.2052687555551529,0.2817525565624237,0.06469141691923141
0.49737516045570374,0.2217072993516922,0.29915544390678406,0.050700843334198
0.4761587679386139,0.2826613783836365,0.28303369879722595,0.04731004685163498
0.7044358253479004,0.0857323557138443,0.22320064902305603,0.03804892301559448
0.06503646820783615,0.09769371151924133,0.8512864112854004,0.7924866080284119
0.05605638772249222,0.09573252499103546,0.8720040321350098,0.6825716495513916
0.44951173663139343,0.4062565565109253,0.4550885558128357,0.198269784450531
0.3254815638065338,0.27515074610710144,0.606444239616394,0.13642895221710205
0.350528359413147,0.4172907769680023,0.5428165793418884,0.28618693351745605
0.3199520409107208,0.47649267315864563,0.5492737889289856,0.3155375123023987
0.3723720908164978,0.4105907082557678,0.5091702938079834,0.27542227506637573
0.27991265058517456,0.5096506476402283,0.47060534358024597,0.1250150054693222
0.2686425447463989,0.4996631145477295,0.590229332447052,0.28921517729759216
0.3225584626197815,0.363476037979126,0.5426371097564697,0.1554301530122757
0.328914076089859,0.4268508553504944,0.5661813616752625,0.23256756365299225
0.42653438448905945,0.4475504755973816,0.5423592925071716,0.29303327202796936
0.3620392084121704,0.4009651839733124,0.5712571144104004,0.22669349610805511
0.3940690755844116,0.3988896608352661,0.5456013679504395,0.2302422970533371
0.23341642320156097,0.29324018955230713,0.6677328944206238,0.33226391673088074
0.32858172059059143,0.40070268511772156,0.577895998954773,0.38451656699180603
0.49050095677375793,0.28379541635513306,0.5016407370567322,0.18029356002807617
0.48984378576278687,0.4644815921783447,0.39863133430480957,0.26855412125587463
0.6429049372673035,0.5168015360832214,0.27499327063560486,0.2818377912044525
0.7290841341018677,0.34012457728385925,0.27286726236343384,0.26363807916641235
0.7143810391426086,0.37159913778305054,0.27139410376548767,0.2720644176006317
0.2973290681838989,0.1267213076353073,0.664470374584198,0.07600434124469757
0.6035492420196533,0.45571988821029663,0.2725546956062317,0.33430179953575134
0.19533571600914001,0.46250027418136597,0.6602872610092163,0.22268103063106537
0.23106791079044342,0.42003121972084045,0.505170464515686,0.1388554722070694
0.34963488578796387,0.20767319202423096,0.5846933126449585,0.15498894453048706
0.2924274504184723,0.4056030809879303,0.6113205552101135,0.3081856369972229
0.2665397524833679,0.3254545331001282,0.6888920068740845,0.24671180546283722
0.20875048637390137,0.10635049641132355,0.6873487830162048,0.05931995064020157
0.44111889600753784,0.5820600986480713,0.17403095960617065,0.12212107330560684
0.7638124227523804,0.17235013842582703,0.11941742897033691,0.04972747340798378
0.5026442408561707,0.06951680034399033,0.3850681483745575,0.030970176681876183
0.39891672134399414,0.23314858973026276,0.3563847243785858,0.08363860100507736
0.5058051943778992,0.28982096910476685,0.12844891846179962,0.024610351771116257
0.5438588261604309,0.1537478119134903,0.12968575954437256,0.01721527799963951
0.8259709477424622,0.07315024733543396,0.08506346493959427,0.01685367338359356
0.1582997888326645,0.4285144805908203,0.4693642854690552,0.03271450474858284
0.475105345249176,0.2661254107952118,0.24866876006126404,0.1006593406200409
0.2296191155910492,0.5367571115493774,0.20810753107070923,0.05643120035529137
0.2350868582725525,0.6612874269485474,0.24993373453617096,0.074725441634655
0.5400970578193665,0.1714460402727127,0.17834386229515076,0.014472676441073418
0.47434139251708984,0.2235015332698822,0.23774106800556183,0.029466288164258003
0.4559408724308014,0.21442373096942902,0.2553843557834625,0.028603969141840935
0.044604383409023285,0.03294770047068596,0.9338358044624329,0.2388571798801422
0.055631037801504135,0.004993807058781385,0.9500263333320618,0.035933271050453186
0.019777368754148483,0.021311555057764053,0.9541028738021851,0.21966147422790527
0.04610515013337135,0.023567963391542435,0.9750433564186096,0.028569422662258148
0.13719183206558228,0.011154086329042912,0.7857035994529724,0.021201247349381447
0.011682439595460892,0.01200517825782299,0.9793152809143066,0.05779541656374931
0.01244876254349947,0.016479238867759705,0.9853473901748657,0.10010652244091034
0.7746008634567261,0.42077434062957764,0.17878392338752747,0.16460680961608887
0.641693651676178,0.4033593535423279,0.3686709403991699,0.20225529372692108
0.6800081133842468,0.42089930176734924,0.27199551463127136,0.23320724070072174
0.8357393145561218,0.10868926346302032,0.21737168729305267,0.08255288004875183
0.8624386787414551,0.09310009330511093,0.14605078101158142,0.04484502226114273
0.2879300117492676,0.14061494171619415,0.7286021113395691,0.16146065294742584
0.8758446574211121,0.12966546416282654,0.12980449199676514,0.06991727650165558
0.9157027006149292,0.11566057801246643,0.07911228388547897,0.06036302447319031
0.9218668937683105,0.07506565004587173,0.0866938903927803,0.04552282392978668
0.8881997466087341,0.1038389801979065,0.08458840847015381,0.039683517068624496
0.7972378730773926,0.26735514402389526,0.13771028816699982,0.12861621379852295
0.7312148809432983,0.29377609491348267,0.2179158478975296,0.18574653565883636
0.6800081133842468,0.42089930176734924,0.27199551463127136,0.23320724070072174
0.6999250650405884,0.35804733633995056,0.2464754283428192,0.20501405000686646
0.6606823205947876,0.39719298481941223,0.29722359776496887,0.18782946467399597
0.641693651676178,0.4033593535423279,0.3686709403991699,0.20225529372692108
0.50359708070755,0.48092761635780334,0.4020117223262787,0.2837674617767334
0.678913414478302,0.42121389508247375,0.2498197704553604,0.17288252711296082
0.2879300117492676,0.14061494171619415,0.7286021113395691,0.16146065294742584
0.7746008634567261,0.42077434062957764,0.17878392338752747,0.16460680961608887
0.8357393145561218,0.10868926346302032,0.21737168729305267,0.08255288004875183
0.7886691689491272,0.21120522916316986,0.1860278844833374,0.06595759093761444
0.858893632888794,0.1411987543106079,0.14333035051822662,0.06062813848257065
0.8624386787414551,0.09310009330511093,0.14605078101158142,0.04484502226114273
0.6991438865661621,0.0961557924747467,0.3010781407356262,0.061694007366895676
0.4463978707790375,0.1468060463666916,0.3828921616077423,0.05627959594130516
0.8055391907691956,0.0919242575764656,0.19876369833946228,0.034225232899188995
0.9157027006149292,0.11566057801246643,0.07911228388547897,0.06036302447319031
0.41203901171684265,0.15807795524597168,0.6138225197792053,0.1059102863073349
0.8758446574211121,0.12966546416282654,0.12980449199676514,0.06991727650165558
0.9421147108078003,0.06807060539722443,0.05580069124698639,0.03850817307829857
0.8881997466087341,0.1038389801979065,0.08458840847015381,0.039683517068624496
0.8202860951423645,0.2010456621646881,0.14324301481246948,0.12087216973304749
0.7637866735458374,0.09149863570928574,0.3260800540447235,0.08668822795152664
0.9115424752235413,0.06997145712375641,0.09016406536102295,0.04933170974254608
0.9218668937683105,0.07506565004587173,0.0866938903927803,0.04552282392978668
0.009733065962791443,0.008054628036916256,0.9891372323036194,0.1603309065103531
0.010380723513662815,0.02434726431965828,0.976445734500885,0.22603896260261536
0.029612241312861443,0.021030880510807037,0.9737840294837952,0.22935892641544342
0.007476436905562878,0.011838234961032867,0.9827219843864441,0.43610337376594543
0.031423840671777725,0.03521042317152023,0.924180269241333,0.6790410876274109
0.00609420845285058,0.01712667942047119,0.9856317043304443,0.4341253340244293
0.04640423506498337,0.055185090750455856,0.8907989263534546,0.7131323218345642
0.06352604925632477,0.07760737836360931,0.8629920482635498,0.7739113569259644
0.008126872591674328,0.012740293517708778,0.9859957098960876,0.5227679014205933
0.036372143775224686,0.05931764096021652,0.9101036190986633,0.58113032579422
0.047757964581251144,0.11278515309095383,0.8087878823280334,0.5923439264297485
0.04958869516849518,0.0400070920586586,0.9296167492866516,0.19297540187835693
0.04430651664733887,0.033251479268074036,0.9532324075698853,0.09693615138530731
0.041935551911592484,0.045952536165714264,0.8946203589439392,0.8310472965240479
0.020957287400960922,0.02334289625287056,0.9739418625831604,0.026047084480524063
0.07592973113059998,0.03445645794272423,0.9386875033378601,0.033092889934778214
0.03809579089283943,0.028563767671585083,0.9418744444847107,0.06080640107393265
0.05019661784172058,0.06163973733782768,0.9125275015830994,0.36127662658691406
0.011844957247376442,0.0090252086520195,0.9897228479385376,0.028372300788760185
0.01316403690725565,0.01673746667802334,0.9863864183425903,0.04844476282596588
0.010936177335679531,0.02078825980424881,0.9847941994667053,0.1412091851234436
0.01175872702151537,0.02063371241092682,0.9700274467468262,0.6365538835525513
0.0185738205909729,0.05222349241375923,0.9647165536880493,0.09516788274049759
0.2251245677471161,0.023184707388281822,0.7872679233551025,0.06831719726324081
0.13571614027023315,0.3762579560279846,0.37353280186653137,0.04309992119669914
0.026324840262532234,0.05071059986948967,0.9413235783576965,0.5931657552719116
0.02129449136555195,0.012049992568790913,0.9688935875892639,0.14065690338611603
0.044272281229496,0.05505579710006714,0.9112557172775269,0.5585275888442993
0.05236394703388214,0.09808242321014404,0.9383866786956787,0.11692013591527939
0.03795590251684189,0.028229448944330215,0.9060152769088745,0.6152268052101135
0.024825941771268845,0.032733045518398285,0.9707489609718323,0.12821583449840546
0.02190065011382103,0.025754179805517197,0.9815434813499451,0.06101120263338089
0.03354684263467789,0.05262676253914833,0.9435421824455261,0.2843221127986908
0.024266686290502548,0.06816292554140091,0.9560205340385437,0.25916793942451477
0.016904331743717194,0.035863831639289856,0.9788943529129028,0.2703002393245697
0.05039818584918976,0.07729833573102951,0.8610221147537231,0.4609551727771759
0.019409893080592155,0.03214377537369728,0.933090329170227,0.8542951941490173
0.04963825270533562,0.06143593415617943,0.9592882394790649,0.07987753301858902
0.014910908415913582,0.02970823086798191,0.9762458205223083,0.1304854452610016
5.765664212731281e-08,3.504610664173402e-12,0.9999991655349731,4.3946150489974285e-17
0.014680929481983185,0.02429134026169777,0.9676044583320618,0.7522822618484497
0.024146225303411484,0.02354511059820652,0.9772273898124695,0.06943068653345108
0.023694772273302078,0.008149045519530773,0.9799444675445557,0.03207302838563919
0.04556123912334442,0.04704056307673454,0.942946195602417,0.09317383170127869
0.052327848970890045,0.08479352295398712,0.9204205274581909,0.13649697601795197
0.016900241374969482,0.01599608175456524,0.9898618459701538,0.02506438083946705
0.026409225538372993,0.02071414515376091,0.9550482630729675,0.29703789949417114
0.03253385052084923,0.02379949577152729,0.9681317806243896,0.09552686661481857
0.3456808030605316,0.3044290542602539,0.6694827079772949,0.2109689861536026
0.046974245458841324,0.07086285948753357,0.8994706273078918,0.5465885996818542
0.043503064662218094,0.03938833996653557,0.9295755624771118,0.3487505614757538
0.19092874228954315,0.16223843395709991,0.6875497698783875,0.2842179536819458
0.026219019666314125,0.03703441470861435,0.9577605724334717,0.3993014395236969
0.9574217796325684,0.006008497904986143,0.027763426303863525,0.0008391363662667572
0.09404641389846802,0.017929816618561745,0.8208282589912415,0.07641744613647461
0.046760134398937225,0.1414250284433365,0.5050392746925354,0.018142778426408768
0.5920451879501343,0.29119640588760376,0.46225887537002563,0.24721497297286987
0.015927402302622795,0.02271507866680622,0.9753919839859009,0.028957974165678024
0.018643731251358986,0.01557729858905077,0.9789015650749207,0.15519747138023376
0.03981194645166397,0.05249606445431709,0.8961451053619385,0.8054448366165161
0.02594316378235817,0.0236031636595726,0.9825101494789124,0.0251773614436388
0.012343265116214752,0.008341141045093536,0.9881977438926697,0.188670814037323
0.019761577248573303,0.013525555841624737,0.9808143377304077,0.024966347962617874
0.2992476224899292,0.014314305037260056,0.6116042733192444,0.008328934200108051
0.012794764712452888,0.011834263801574707,0.985665500164032,0.20160561800003052
0.011654263362288475,0.011727998033165932,0.9907254576683044,0.056886740028858185
0.008124190382659435,0.00792075414210558,0.9943653345108032,0.0731414258480072
0.005572854541242123,0.0083434684202075,0.9917975664138794,0.11796019226312637
0.0064928787760436535,0.006780863273888826,0.9947717785835266,0.073983334004879
0.018483826890587807,0.016795344650745392,0.9821968078613281,0.13091421127319336
0.009204528294503689,0.02028493583202362,0.981965959072113,0.4735387861728668
0.01885554939508438,0.01668022945523262,0.973212480545044,0.3593292832374573
0.017206067219376564,0.012978654354810715,0.9830611348152161,0.026689808815717697
0.03797393664717674,0.032764360308647156,0.9013568162918091,0.30263447761535645
0.007818510755896568,0.003686496987938881,0.9949010610580444,0.02396428771317005
0.009156621061265469,0.013140277937054634,0.9862803220748901,0.3707425594329834
0.00947975181043148,0.010470517911016941,0.9839017987251282,0.6039744019508362
0.023802248761057854,0.012009342201054096,0.9837685227394104,0.032115910202264786
0.005922570824623108,0.004088867921382189,0.9949842691421509,0.059405311942100525
0.003785541979596019,0.0038212095387279987,0.9944514632225037,0.22537022829055786
0.0032916711643338203,0.0020714211277663708,0.9973244667053223,0.011049142107367516
0.00824488140642643,0.008288344368338585,0.990964412689209,0.1119527667760849
0.015391789376735687,0.03321096673607826,0.9746458530426025,0.05070311576128006
0.010759207420051098,0.010288597084581852,0.9804639220237732,0.5572715997695923
0.3670770227909088,0.08966407179832458,0.5287702083587646,0.015224818140268326
0.3750171661376953,0.18486745655536652,0.47535786032676697,0.039575085043907166
0.7189465165138245,0.17106039822101593,0.14062786102294922,0.011755380779504776
0.8073624968528748,0.11355365067720413,0.09678865224123001,0.011085392907261848
0.0377872996032238,0.015774637460708618,0.9642725586891174,0.2733156681060791
0.00974275916814804,0.006557526532560587,0.9920836687088013,0.025998476892709732
0.01790149323642254,0.021591568365693092,0.9842878580093384,0.17380689084529877
0.008696429431438446,0.013250512070953846,0.9778155088424683,0.7248528003692627
0.03314438462257385,0.03214529529213905,0.9268379211425781,0.7432976961135864
0.00705718295648694,0.011209153570234776,0.9841049313545227,0.6801316142082214
0.03207686170935631,0.008559584617614746,0.964779794216156,0.04922539368271828
0.02033599093556404,0.02031799778342247,0.9710248708724976,0.5177790522575378
0.021412841975688934,0.09251406788825989,0.9255211353302002,0.22968992590904236
0.004618218168616295,0.007750404998660088,0.994907557964325,0.06691227108240128
0.014402058906853199,0.0230477936565876,0.9624497294425964,0.4509798288345337
0.012479929253458977,0.007653547916561365,0.9908566474914551,0.04439161717891693
0.026675833389163017,0.018604563549160957,0.9811902046203613,0.043310582637786865
0.0035300576128065586,0.003867153078317642,0.9966065883636475,0.012707031331956387
0.011895736679434776,0.007666556164622307,0.9862238168716431,0.2894572615623474
0.019990023225545883,0.021105913445353508,0.972017228603363,0.06535975635051727
0.04811893776059151,0.028252024203538895,0.9407985806465149,0.14128895103931427
0.023957569152116776,0.011145122349262238,0.9752814173698425,0.019013691693544388
0.006755021400749683,0.00547049893066287,0.9957404136657715,0.00955799501389265
0.23893815279006958,0.3026478588581085,0.3714820146560669,0.14802215993404388
0.44724228978157043,0.5422861576080322,0.35475218296051025,0.2828083038330078
0.2749798595905304,0.5146265029907227,0.5155869722366333,0.28233233094215393
0.4865693747997284,0.5163946151733398,0.35952726006507874,0.16837845742702484
0.6194714903831482,0.10865363478660583,0.3884667158126831,0.06572383642196655
0.4001202881336212,0.33615535497665405,0.296870619058609,0.15894432365894318
0.25760209560394287,0.7154220938682556,0.4065215587615967,0.27353277802467346
0.23376263678073883,0.7266688942909241,0.3969446122646332,0.270221084356308
0.344470739364624,0.6035223603248596,0.3345382511615753,0.2659769356250763
0.32007676362991333,0.729543149471283,0.36768531799316406,0.2573823928833008
0.011192518286406994,0.01977553591132164,0.9866948127746582,0.20715706050395966
0.9964302182197571,0.02510552667081356,0.0012131157563999295,0.000520656700246036
0.9487942457199097,0.016166480258107185,0.024487528949975967,0.008399256505072117
0.008472274988889694,0.008688108995556831,0.9885368347167969,0.21404100954532623
0.7527909278869629,0.05164260417222977,0.10188980400562286,0.013839288614690304
0.26168960332870483,0.011101510375738144,0.5041627883911133,0.023874100297689438
0.6923497319221497,0.11752039939165115,0.05206570401787758,0.0077336570248007774
0.9764767289161682,0.03646593540906906,0.007026236038655043,0.0014861907111480832
0.7264202237129211,0.007444207090884447,0.13686753809452057,0.002446472179144621
0.8976351618766785,0.010128355585038662,0.12815755605697632,0.0032141234260052443
0.7301838397979736,0.07852379977703094,0.19992701709270477,0.04201560840010643
0.963144838809967,0.029011359438300133,0.013562168926000595,0.002099104691296816
0.9658452272415161,0.06819307804107666,0.009272024966776371,0.005692345090210438
0.649305522441864,0.6632702350616455,0.20296648144721985,0.36721619963645935
0.23560822010040283,0.1529283970594406,0.7509108781814575,0.1530003398656845
0.7175880074501038,0.6041181087493896,0.17508940398693085,0.3435112237930298
0.6367887854576111,0.45596665143966675,0.23079834878444672,0.28427404165267944
0.4249439537525177,0.6409872770309448,0.2372991293668747,0.19675412774085999
0.39955174922943115,0.28629404306411743,0.45394167304039,0.09145867079496384
0.010691352188587189,0.015007655136287212,0.9822153449058533,0.2601606249809265
0.008085159584879875,0.007029193919152021,0.9941474199295044,0.05885860696434975
0.0713200494647026,0.07831260561943054,0.680863618850708,0.6651431918144226
0.6660926342010498,0.10569699108600616,0.09065774083137512,0.05792427808046341
0.08403661102056503,0.08481794595718384,0.726035475730896,0.4584622085094452
0.39873629808425903,0.2333897352218628,0.1560029685497284,0.12664608657360077
0.0962807834148407,0.02724224515259266,0.9005013704299927,0.04267090931534767
0.0197143591940403,0.018474111333489418,0.9594883322715759,0.5772143006324768
0.16620242595672607,0.05890141800045967,0.8636578917503357,0.07172075659036636
0.13427497446537018,0.10115885734558105,0.8466635942459106,0.1513606607913971
0.06157409027218819,0.0717131569981575,0.9029183387756348,0.30448251962661743
0.10518846660852432,0.15645046532154083,0.6417518258094788,0.7270086407661438
0.4353271424770355,0.32098284363746643,0.47315892577171326,0.25019848346710205
0.7341988682746887,0.3986292779445648,0.19581319391727448,0.33368104696273804
0.5921409726142883,0.3464132845401764,0.36218759417533875,0.21332326531410217
0.7518488168716431,0.36012446880340576,0.1693008989095688,0.31397324800491333
0.012854887172579765,0.014260025694966316,0.9783223271369934,0.23225705325603485
0.41061580181121826,0.41454100608825684,0.3951103985309601,0.2540172338485718
0.008075990714132786,0.010546482168138027,0.9828617572784424,0.49466848373413086
0.19574090838432312,0.05006728321313858,0.7823928594589233,0.14678208529949188
0.5833344459533691,0.04349759966135025,0.4906259775161743,0.057245731353759766
0.00894179567694664,0.01193981058895588,0.9906728863716125,0.058894846588373184
0.0196772962808609,0.032091833651065826,0.9760717749595642,0.24298226833343506
0.8979796767234802,0.12787196040153503,0.08834264427423477,0.03650108352303505
0.6591581106185913,0.24460844695568085,0.13733969628810883,0.02649657614529133
0.08548969030380249,0.47083747386932373,0.6162331104278564,0.29789599776268005
0.1632518321275711,0.19048833847045898,0.6015170812606812,0.46929043531417847
0.16320489346981049,0.19033487141132355,0.6016918420791626,0.4690777659416199
0.1881280392408371,0.5509911179542542,0.5245349407196045,0.5204392075538635
0.5015062093734741,0.5505930781364441,0.2452395111322403,0.19243498146533966
0.7294249534606934,0.42731213569641113,0.10493341088294983,0.06499112397432327
0.623126208782196,0.46741431951522827,0.22701850533485413,0.1823118031024933
0.6529960632324219,0.3788401782512665,0.2629696726799011,0.16719502210617065
0.2847353518009186,0.4107913374900818,0.4076768457889557,0.13373282551765442
0.010405530221760273,0.015759645029902458,0.9827218651771545,0.22482024133205414
0.022195996716618538,0.030842982232570648,0.9635412096977234,0.3779274523258209
0.9055109024047852,0.16449247300624847,0.07121299207210541,0.0730665922164917
0.9516012072563171,0.09096077084541321,0.054389115422964096,0.059046268463134766
0.958342969417572,0.03785187378525734,0.07319404184818268,0.03365901857614517
0.7709693908691406,0.3138096034526825,0.1978587508201599,0.22642840445041656
0.7246277928352356,0.41173094511032104,0.19728343188762665,0.2045007050037384
0.8051843643188477,0.26022064685821533,0.20227131247520447,0.1977757215499878
0.8022648692131042,0.2045993208885193,0.2013884335756302,0.16400878131389618
0.656243085861206,0.3205486834049225,0.259846568107605,0.21265476942062378
0.7962261438369751,0.3636164367198944,0.131895050406456,0.24884597957134247
0.7048461437225342,0.4176804721355438,0.20780514180660248,0.31294119358062744
0.6741076111793518,0.10127416253089905,0.35991010069847107,0.05755450576543808
0.5110708475112915,0.32903680205345154,0.4321036636829376,0.2751546800136566
0.7545779943466187,0.23001787066459656,0.21207791566848755,0.12758709490299225
0.13554061949253082,0.22367721796035767,0.7746502161026001,0.45020464062690735
0.13554061949253082,0.22367721796035767,0.7746502161026001,0.45020464062690735
0.5700671076774597,0.5307925939559937,0.3383989632129669,0.37249425053596497
0.6387119889259338,0.467440664768219,0.22882312536239624,0.31086406111717224
0.7596467137336731,0.3728942573070526,0.188338965177536,0.32475021481513977
0.591644287109375,0.3316330909729004,0.36796697974205017,0.2110680192708969
0.49296846985816956,0.29012778401374817,0.4715307652950287,0.19022946059703827
0.015651272609829903,0.014167063869535923,0.9867472648620605,0.04998539388179779
0.01041080430150032,0.011895636096596718,0.9780154824256897,0.7123827338218689
0.13866648077964783,0.32628899812698364,0.32667621970176697,0.04113004356622696
0.9423954486846924,0.043196968734264374,0.06878700107336044,0.021598035469651222
0.9436744451522827,0.01036615576595068,0.06784670799970627,0.004316472448408604
0.20399977266788483,0.11870916932821274,0.6217793226242065,0.09103799611330032
0.9942411184310913,0.00466955965384841,0.012068619951605797,0.0016027136007323861
0.9467030763626099,0.035545557737350464,0.06094074621796608,0.018172141164541245
0.011245419271290302,0.013300732709467411,0.9822100400924683,0.10452685505151749
0.016710413619875908,0.018413998186588287,0.9852479696273804,0.02334609441459179
0.005850950721651316,0.004847663454711437,0.9965221881866455,0.013099296018481255
0.053263306617736816,0.0677979588508606,0.8985578417778015,0.11926580220460892
0.03877381235361099,0.033922988921403885,0.9467988014221191,0.06194216385483742
0.010788601823151112,0.007926320657134056,0.9883601665496826,0.15451322495937347
0.04343539476394653,0.16662874817848206,0.8179030418395996,0.09484352916479111
0.14326968789100647,0.09633375704288483,0.7844893932342529,0.2716045081615448
0.041850585490465164,0.16228650510311127,0.8471349477767944,0.2300044149160385
0.05497029051184654,0.08027350157499313,0.8949421048164368,0.17852482199668884
0.041345417499542236,0.06654515862464905,0.9258642792701721,0.08455228805541992
0.07759504020214081,0.06675263494253159,0.8607150316238403,0.239583358168602
0.2507759630680084,0.2891579270362854,0.7003873586654663,0.3388015925884247
0.2406126856803894,0.13485071063041687,0.748146116733551,0.1817745417356491
0.356261283159256,0.3286578357219696,0.5729172229766846,0.32623207569122314
0.37546810507774353,0.4561707675457001,0.4879263937473297,0.29097193479537964
0.37196820974349976,0.4796229898929596,0.43565234541893005,0.342252254486084
0.5551484227180481,0.564586341381073,0.2260400354862213,0.30222073197364807
0.011084284633398056,0.011737938970327377,0.9921263456344604,0.01906774938106537
0.015590963885188103,0.014119009487330914,0.9868764877319336,0.12056256085634232
0.16319990158081055,0.26340097188949585,0.7016409039497375,0.08010251820087433
0.2831677794456482,0.09971219301223755,0.5950762629508972,0.038894232362508774
0.2831677794456482,0.09971219301223755,0.5950762629508972,0.038894232362508774
0.1910741776227951,0.38716164231300354,0.6502726078033447,0.08134450018405914
0.11557149142026901,0.1447230577468872,0.8230985999107361,0.10435733199119568
0.3554145395755768,0.5486562252044678,0.48774033784866333,0.314258873462677
0.3251859247684479,0.30837857723236084,0.567557156085968,0.2606141269207001
0.35208478569984436,0.3337494432926178,0.4258115589618683,0.11535410583019257
0.36654236912727356,0.3282867968082428,0.44465985894203186,0.14258982241153717
0.13687631487846375,0.48281604051589966,0.4852842390537262,0.13938450813293457
0.24401408433914185,0.2677246630191803,0.4829760491847992,0.08545169234275818
0.1775824874639511,0.1031375527381897,0.7426568865776062,0.24552516639232635
0.3216733932495117,0.12002807855606079,0.6723973751068115,0.09449395537376404
0.8156343102455139,0.35418906807899475,0.02402622066438198,0.008297509513795376
0.8649073839187622,0.01650017313659191,0.07848816365003586,0.0035400991328060627
0.9925907850265503,0.027645546942949295,0.006401403341442347,0.0020136521197855473
0.23102858662605286,0.06544563919305801,0.6067533493041992,0.10965605825185776
0.02829086408019066,0.04995947331190109,0.9331302046775818,0.4036843776702881
0.9721517562866211,0.03120654821395874,0.016451694071292877,0.0016623123083263636
0.5348762273788452,0.14426910877227783,0.17474336922168732,0.0235503688454628
0.38989147543907166,0.044706929475069046,0.34411385655403137,0.04360242933034897
0.10726667195558548,0.8039918541908264,0.23837988078594208,0.04440942034125328
0.10594627261161804,0.16046898066997528,0.7484573125839233,0.6698318123817444
0.5771962404251099,0.32455065846443176,0.2892182469367981,0.11447983980178833
0.7007371187210083,0.2793210446834564,0.25936779379844666,0.17182525992393494
0.1594810038805008,0.720077633857727,0.3480355143547058,0.0952238216996193
0.5096985101699829,0.6021682024002075,0.3511021137237549,0.4049241542816162
0.06891597807407379,0.0558379590511322,0.8361331820487976,0.37291571497917175
0.33169347047805786,0.5804767608642578,0.18169771134853363,0.04243272542953491
0.985323429107666,0.02623799629509449,0.007890663109719753,0.003110078629106283
0.9944049119949341,0.0063462816178798676,0.005924786441028118,0.0010374434059485793
0.9909907579421997,0.014758661389350891,0.007092602085322142,0.002306146314367652
0.9425770044326782,0.10027016699314117,0.015367507003247738,0.004339844919741154
0.9883179068565369,0.012260709889233112,0.008485909551382065,0.0023084075655788183
0.9217600226402283,0.04031819850206375,0.074104443192482,0.0077908835373818874
0.11187189072370529,0.030218707397580147,0.7990290522575378,0.39719170331954956
0.027611546218395233,0.08495946228504181,0.918829083442688,0.3405170440673828
0.9193652868270874,0.054274652153253555,0.08318814635276794,0.023806676268577576
0.911910355091095,0.11321613192558289,0.07800649106502533,0.05565959960222244
0.978245198726654,0.035622984170913696,0.0198659785091877,0.005629132967442274
0.970791220664978,0.046206001192331314,0.031051993370056152,0.010261970572173595
0.963265597820282,0.032835107296705246,0.05114449933171272,0.017888687551021576
0.897467851638794,0.0354599803686142,0.15389293432235718,0.03076564520597458
0.273846298456192,0.37663495540618896,0.43793946504592896,0.1592918038368225
0.7007416486740112,0.327489972114563,0.24712184071540833,0.2523404657840729
0.3772815465927124,0.2244398146867752,0.3811330199241638,0.08151575922966003
0.7186263799667358,0.3024936318397522,0.21967725455760956,0.15701907873153687
0.7103483080863953,0.1855226457118988,0.23035815358161926,0.05484342575073242
0.7195896506309509,0.3889930844306946,0.1196865513920784,0.08093885332345963
0.46244296431541443,0.4947606921195984,0.3814162313938141,0.3088681101799011
0.7618018984794617,0.30423304438591003,0.16425256431102753,0.12079667299985886
0.6390089392662048,0.36901095509529114,0.24358481168746948,0.17600497603416443
0.7975716590881348,0.2588355839252472,0.13192158937454224,0.050948403775691986
0.6606914401054382,0.4252457320690155,0.12231318652629852,0.09640400111675262
0.24158510565757751,0.6020520329475403,0.5179587006568909,0.2882957458496094
0.6986626982688904,0.11006319522857666,0.30219992995262146,0.062400173395872116
0.8364637494087219,0.24331034719944,0.15746498107910156,0.1658007949590683
0.11987463384866714,0.27033868432044983,0.7482256293296814,0.08529210835695267
0.6540345549583435,0.37677374482154846,0.15031582117080688,0.10353143513202667
0.8256155848503113,0.106478750705719,0.21912774443626404,0.047658830881118774
0.6765733361244202,0.42403632402420044,0.15877240896224976,0.1157175824046135
0.8312490582466125,0.2845422625541687,0.11151900887489319,0.10997025668621063
0.5765376091003418,0.19303196668624878,0.3523060381412506,0.09278332442045212
0.8146485686302185,0.1424906998872757,0.14480973780155182,0.04438239336013794
0.34903034567832947,0.7346339821815491,0.136185884475708,0.11620182543992996
0.9629422426223755,0.024501604959368706,0.07424028217792511,0.022731926292181015
0.9301976561546326,0.05710766464471817,0.07574199885129929,0.03087613731622696
0.8301302194595337,0.25788354873657227,0.11887656152248383,0.13538360595703125
0.8891786336898804,0.15823578834533691,0.08277791738510132,0.08598481118679047
0.37986159324645996,0.07518625259399414,0.5592870116233826,0.07039934396743774
0.9047200083732605,0.12265615910291672,0.10872040688991547,0.07651132345199585
0.9461349844932556,0.029064586386084557,0.06959370523691177,0.017243262380361557
0.9095317721366882,0.0535757839679718,0.07827556133270264,0.01985239051282406
0.01750088855624199,0.016903173178434372,0.9555547833442688,0.7013108730316162
0.013630249537527561,0.009993350133299828,0.9604209065437317,0.665069043636322
0.019696341827511787,0.019274206832051277,0.9720141887664795,0.29427433013916016
0.004116994794458151,0.0055222525261342525,0.9960447549819946,0.0425807349383831
0.017047658562660217,0.012390428222715855,0.9664959907531738,0.5950857996940613
0.011424713768064976,0.012566604651510715,0.981873631477356,0.3054223656654358
0.005844674538820982,0.014471568167209625,0.9880092740058899,0.026878414675593376
0.0010587862925603986,0.004095558542758226,0.997933030128479,0.017685288563370705
0.014194615185260773,0.06815876811742783,0.9355767965316772,0.06432268023490906
0.011938696727156639,0.21945996582508087,0.8352336883544922,0.022174250334501266
0.014438810758292675,0.10352475196123123,0.8969752788543701,0.07488817721605301
0.01924268528819084,0.06550571322441101,0.9272456765174866,0.17265838384628296
0.003995597828179598,0.006078438367694616,0.9968721270561218,0.020982075482606888
0.0061026765033602715,0.0075144642032682896,0.9923743605613708,0.1615803837776184
0.7319456338882446,0.3881573975086212,0.21541962027549744,0.2646276652812958
0.6236501932144165,0.616303563117981,0.2773771286010742,0.42670339345932007
0.6873777508735657,0.2541695237159729,0.244142085313797,0.1813073754310608
0.516965925693512,0.6029263138771057,0.37251147627830505,0.4905380606651306
0.5269107222557068,0.48288795351982117,0.4017624855041504,0.3940635025501251
0.7556812763214111,0.37035706639289856,0.18468506634235382,0.2479030191898346
